title,author,released_date
Red Cell,"By: Andrew Bustamante, Jihi Bustamante",Release date: 05-06-25
Wind and Truth,By: Brandon Sanderson,Release date: 12-06-24
Wind and Truth,By: Brandon Sanderson,Release date: 12-06-24
The City and Its Uncertain Walls,"By: Haruki Murakami, Philip Gabriel - translator",Release date: 11-26-24
The Songbird and the Heart of Stone,By: Carissa Broadbent,Release date: 11-19-24
The Mirror,By: Nora Roberts,Release date: 11-19-24
We Who Wrestle with God,By: Jordan B. Peterson,Release date: 11-19-24
We Who Wrestle With God,By: Jordan B. Peterson,Release date: 11-19-24
David Baldacci November 2024,By: David Baldacci,Release date: 11-12-24
Now or Never,By: Janet Evanovich,Release date: 11-05-24
The Waiting,By: Michael Connelly,Release date: 11-05-24
Solo Command: Star Wars Legends (X-Wing),By: Aaron Allston,Release date: 11-05-24
The Waiting,By: Michael Connelly,Release date: 11-05-24
The Grey Wolf,By: Louise Penny,Release date: 10-29-24
In Too Deep,"By: Lee Child, Andrew Child",Release date: 10-22-24
Polostan,By: Neal Stephenson,Release date: 10-15-24
Leo,"By: Deon Meyer, KL Seegers",Release date: 10-10-24
Bells Hells—What Doesn't Break,"By: Cassandra Khaw, Critical Role",Release date: 10-08-24
Spy School Goes Wild,By: Stuart Gibbs,Release date: 09-24-24
Targeted: Beirut,"By: Jack Carr, James M. Scott",Release date: 09-24-24
Percy Jackson and the Olympians: Wrath of the Triple Goddess,By: Rick Riordan,Release date: 09-24-24
We Solve Murders,By: Richard Osman,Release date: 09-17-24
A World Made New: A Channeled Text,By: Paul Selig,Release date: 09-17-24
Exodus: The Archimedes Engine,By: Peter F. Hamilton,Release date: 09-17-24
The Society of Starry Eyes: An Isekai LitRPG,By: Acaswell,Release date: 09-17-24
Somewhere Beyond the Sea,By: TJ Klune,Release date: 09-10-24
Nexus,By: Yuval Noah Harari,Release date: 09-10-24
Nexus,By: Yuval Noah Harari,Release date: 09-10-24
Passions in Death,By: J. D. Robb,Release date: 09-03-24
Capture or Kill,"By: Vince Flynn, Don Bentley",Release date: 09-03-24
How the World Made the West,By: Josephine Quinn,Release date: 09-03-24
All the Skills 4: A Deck-Building LitRPG,By: Honour Rae,Release date: 08-20-24
This Is Why We Lied,By: Karin Slaughter,Release date: 08-20-24
Born of Blood and Ash,By: Jennifer L. Armentrout,Release date: 08-13-24
Angel of Vengeance,"By: Douglas Preston, Lincoln Child",Release date: 08-13-24
Secrets and Strife: An Isekai LitRPG,By: SourpatchHero,Release date: 08-13-24
Red Dead's History,By: Tore C. Olsson,Release date: 08-06-24
The Mercy of Gods,By: James S.A. Corey,Release date: 08-06-24
Star Wars: Mace Windu: The Glass Abyss,By: Steven Barnes,Release date: 08-06-24
Avatar,By: Seth Ring,Release date: 07-30-24
Alien: Uncivil War,By: Brendan Deneen,Release date: 07-30-24
Shut Up and Run,By: Robin Arzon,Release date: 07-30-24
Shadow of Doubt,By: Brad Thor,Release date: 07-23-24
Hell Divers XII: Heroes,By: Nicholas Sansbury Smith,Release date: 07-16-24
The Black Bird Oracle,By: Deborah Harkness,Release date: 07-16-24
Descent,By: Marko Kloos,Release date: 07-16-24
"Overlord, Vol. 13","By: Kugane Maruyama, so-bin - illustrator, Emily Balistrieri - translator",Release date: 07-16-24
The Au Pair Affair,By: Tessa Bailey,Release date: 07-16-24
Diary of a Wimpy Kid: Rodrick Rules (Enhanced Edition),By: Jeff Kinney,Release date: 07-16-24
A Death in Cornwall,By: Daniel Silva,Release date: 07-09-24
Ember,"By: Jeffrey Wilson, Brian Andrews",Release date: 07-02-24
Reckless,By: Lauren Roberts,Release date: 07-02-24
Legend of the Arch Magus: Publisher's Pack 6,By: Michael Sisa,Release date: 06-25-24
Children of Anguish and Anarchy,By: Tomi Adeyemi,Release date: 06-25-24
Path of the Berserker 2: A Daopocalypse Progression Fantasy,By: Rick Scott,Release date: 06-25-24
How to Stop Breaking Your Own Heart,By: Meggan Roxanne,Release date: 06-25-24
Sentinel,By: Mark Greaney,Release date: 06-25-24
The Singularity Is Nearer,By: Ray Kurzweil,Release date: 06-25-24
Jake's Magical Market 3,By: J.R. Mathews,Release date: 06-18-24
Winter Lost,By: Patricia Briggs,Release date: 06-18-24
The Next Mrs. Parrish,By: Liv Constantine,Release date: 06-18-24
Winter Lost,By: Patricia Briggs,Release date: 06-18-24
J.L. Carr: A Month in the Country and The Harpole Report,By: J.L. Carr,Release date: 06-13-24
Le Fay,By: Sophie Keetch,Release date: 06-13-24
The Witch of Webs,By: pirateaba,Release date: 06-11-24
Star Wars: Temptation of the Force (The High Republic),By: Tessa Gratton,Release date: 06-11-24
The Housemaid Is Watching,By: Freida McFadden,Release date: 06-11-24
Not in Love,By: Ali Hazelwood,Release date: 06-11-24
"Right Thing, Right Now",By: Ryan Holiday,Release date: 06-11-24
The Mark Twain Complete Collection,By: Mark Twain,Release date: 06-06-24
Scavengers,By: Brian J. Nordon,Release date: 06-04-24
Leather & Lark,By: Brynne Weaver,Release date: 06-04-24
Camino Ghosts,By: John Grisham,Release date: 05-28-24
Countdown,By: Sean Oswald,Release date: 05-28-24
The Burning Witch 3: A Humorous Romantic Fantasy,By: Delemhach,Release date: 05-28-24
Southern Man,By: Greg Iles,Release date: 05-28-24
You Like It Darker,By: Stephen King,Release date: 05-21-24
Tom Clancy Act of Defiance,"By: Brian Andrews, Jeffrey Wilson",Release date: 05-21-24
Day Trading Attention,By: Gary Vaynerchuk,Release date: 05-21-24
The Fall of the Third Temple,By: Michael Stephen Fuchs,Release date: 05-21-24
Iron Flame (Part 1 of 2) (Dramatized Adaptation),By: Rebecca Yarros,Release date: 05-17-24
House of Lilies,By: Justine Firnhaber-Baker,Release date: 05-16-24
The Wanted,"By: Jason Anspach, Nick Cole",Release date: 05-14-24
Swamp Spies,By: Jana DeLeon,Release date: 05-14-24
The Shattered Path,By: Edward W. Robertson,Release date: 05-14-24
Red Sky Mourning,By: Jack Carr,Release date: 05-14-24
Good Energy,By: Casey Means MD,Release date: 05-14-24
Think Twice,By: Harlan Coben,Release date: 05-14-24
Hans,By: S.J. Tilly,Release date: 05-14-24
What Did You Do?,By: Jeneane O'Riley,Release date: 05-14-24
The Total Money Makeover Updated and Expanded,By: Dave Ramsey,Release date: 05-14-24
The Sheltering Sky,By: Paul Bowles,Release date: 05-14-24
Chasing Wild,By: Kristen Proby,Release date: 05-09-24
The Fyodor Dostoyevsky Complete Collection,By: Fyodor Dostoyevsky,Release date: 05-09-24
Recon,By: Craig Alanson,Release date: 05-07-24
Threads of Fate,By: Luke Chmilenko,Release date: 05-07-24
Get Better at Anything,By: Scott H. Young,Release date: 05-07-24
Fire and Fury,"By: Christopher Hopper, J.N. Chaney",Release date: 05-07-24
Discovering Daniel,"By: Amir Tsarfati, Rick Yohn - contributor",Release date: 05-07-24
Disquiet Gods,By: Christopher Ruocchio,Release date: 04-30-24
The New Menopause,By: Mary Claire Haver MD,Release date: 04-30-24
The Demon of Unrest,By: Erik Larson,Release date: 04-30-24
Power Moves,By: Sarah Jakes Roberts,Release date: 04-30-24
Gravesong,By: pirateaba,Release date: 04-30-24
Red Company: Invasion,By: B.V. Larson,Release date: 04-30-24
The Tiger's Rage,By: Marc Alan Edelheit,Release date: 04-30-24
The Unexpected,"By: Emily Oster, Nathan Fox",Release date: 04-30-24
Unstressable,"By: Mo Gawdat, Alice Law",Release date: 04-30-24
Constant Sorrow,"By: J.N. Chaney, Terry Maggert",Release date: 04-23-24
The Algebra of Wealth,By: Scott Galloway,Release date: 04-23-24
Amelia the Level Zero Hero 3: A LitRPG Adventure,By: V.A. Lewis,Release date: 04-23-24
Love Life,By: Matthew Hussey,Release date: 04-23-24
Funny Story,By: Emily Henry,Release date: 04-23-24
After 1177 B.C.,By: Eric H. Cline,Release date: 04-16-24
A Calamity of Souls,By: David Baldacci,Release date: 04-16-24
Close to Death,By: Anthony Horowitz,Release date: 04-16-24
Perfectly Charmed Pixie: Parsnip's Story,By: MJ May,Release date: 04-16-24
The Pucking Wrong Date,By: C.R. Jane,Release date: 04-16-24
Liberated Love,"By: Mark Groves, Kylie McBeath",Release date: 04-16-24
Knife,By: Salman Rushdie,Release date: 04-16-24
The Second Law of Cultivation,By: KrazeKode,Release date: 04-16-24
Realmbreaker,By: Actus,Release date: 04-15-24
My Favourite Mistake,By: Marian Keyes,Release date: 04-11-24
Close to Death,By: Anthony Horowitz,Release date: 04-11-24
Magdalene Nox,By: Milena McKay,Release date: 04-09-24
Valdemar,By: Mercedes Lackey,Release date: 04-09-24
The Wealth Money Can't Buy,By: Robin Sharma,Release date: 04-09-24
Sabotage,By: Sherrilyn Kenyon,Release date: 04-09-24
The Fetters of Fate,By: T.C. Edge,Release date: 04-09-24
BuyMort: Bull Market Mayhem: How I Cornered the Multiversal Monopoly,"By: Damien Hanson, Joseph Phelps",Release date: 04-09-24
The Boatmen,By: Jerry Boyd,Release date: 04-09-24
Toxic Prey,By: John Sandford,Release date: 04-09-24
Point Nemo,By: Jeremy Robinson,Release date: 04-09-24
Star Wars: The Living Force,By: John Jackson Miller,Release date: 04-09-24
Wake the Past,By: Sally Rigby,Release date: 04-09-24
The Wealth Money Can't Buy,By: Robin Sharma,Release date: 04-09-24
Fortune's Envoy: A Dystopian Sci-Fi Adventure,By: Plum Parrot,Release date: 04-09-24
George Orwell’s 1984,"By: George Orwell, Joe White - adaptation",Release date: 04-04-24
Date with Justice,By: Julia Chapman,Release date: 04-04-24
Dawnfall,By: Actus,Release date: 04-03-24
Law,By: Neven Iliev,Release date: 04-02-24
Just for the Summer,By: Abby Jimenez,Release date: 04-02-24
City in Ruins,By: Don Winslow,Release date: 04-02-24
Never Leave the Dogs Behind,By: Brianna Madia,Release date: 04-02-24
Avenging Angel,By: Kristen Ashley,Release date: 04-02-24
The Legend of Randidly Ghosthound 6: A LitRPG Adventure,"By: Noret Flood, puddles4263",Release date: 04-02-24
Sociopath,By: Patric Gagne Ph.D.,Release date: 04-02-24
Co-Intelligence,By: Ethan Mollick,Release date: 04-02-24
Rebel Rising,By: Rebel Wilson,Release date: 04-02-24
Four Minutes,"By: Jeffrey Wilson, Brian Andrews",Release date: 04-02-24
A Glitch in the Protocols: A Humorous Isekai LitRPG,By: Icalos,Release date: 04-02-24
Primal Conjurer,By: Danny Rogan,Release date: 04-02-24
First Principles and First Values,By: David J. Temple,Release date: 04-02-24
Wind,By: Erin Hunter,Release date: 04-02-24
The Temporal Tides,By: Draith,Release date: 04-02-24
Just for the Summer,By: Abby Jimenez,Release date: 04-02-24
Better than the Movies,By: Lynn Painter,Release date: 03-28-24
Mark of the Fool 5,By: J.M. Clarke,Release date: 03-27-24
Sylver Seeker 3,By: Kennit Kenway,Release date: 03-27-24
Mimic & Me 2,"By: Cassius Lange, Ryan Tang",Release date: 03-26-24
On the Same Page,By: Haley Cass,Release date: 03-26-24
Raising Mentally Strong Kids,"By: Daniel G. Amen M.D., Charles Fay Ph.D",Release date: 03-26-24
The Anxious Generation,By: Jonathan Haidt,Release date: 03-26-24
Nuclear War,By: Annie Jacobsen,Release date: 03-26-24
My Quiet Blacksmith Life in Another World: Volume 6,By: Tamamaru,Release date: 03-26-24
Shadowblade,"By: Terry Mancour, Emily Burch Harris",Release date: 03-26-24
The Power Foods Diet,"By: Neal Barnard, Dustin Harder, Lindsay S Nixon",Release date: 03-26-24
Age of Revolutions,By: Fareed Zakaria,Release date: 03-26-24
Shattered Will,"By: J.N. Chaney, Terry Maggert",Release date: 03-26-24
The Mage from Nowhere,By: B.T. Narro,Release date: 03-26-24
Vigor Mortis: Volume 4,"By: Natalie Maher, Thundamoo",Release date: 03-26-24
The Angel of Indian Lake,By: Stephen Graham Jones,Release date: 03-26-24
Becky Lynch: The Man,By: Rebecca Quin,Release date: 03-26-24
Beast: A LitRPG Adventure,By: V.A. Lewis,Release date: 03-26-24
Reborn as a Demonic Tree 2,By: XKarnation,Release date: 03-26-24
Some People Need Killing,By: Patricia Evangelista,Release date: 03-26-24
His Fierce Mate,By: Julie Trettel,Release date: 03-26-24
Return of the Runebound Professor,By: Actus,Release date: 03-26-24
Preservation,By: Seth Ring,Release date: 03-26-24
Starship Troopers,By: Robert A. Heinlein,Release date: 03-26-24
First Line of Defense 2,By: Benjamin Kerei,Release date: 03-26-24
The Anxious Generation,By: Jonathan Haidt,Release date: 03-26-24
Casino Royale,By: Ian Fleming,Release date: 03-26-24
The Breakthrough Years,By: Ellen Galinsky,Release date: 03-26-24
Illicit Desires,By: Ashley James,Release date: 03-22-24
My Pet Werewolf,By: James Kaine,Release date: 03-22-24
Heath,"By: Nikki Ash, K Webster",Release date: 03-22-24
Bloodlust Blues,By: Luanne Bennett,Release date: 03-22-24
This Hope,By: Asha Junot,Release date: 03-22-24
Fighting for Your Love,By: Nikki Ash,Release date: 03-22-24
Fiendish Delights,By: Helen Harper,Release date: 03-22-24
Apocalypse Knights 4,By: D.B. King,Release date: 03-22-24
ばにらさま,By: 山本 文緒,Release date: 03-22-24
Legacy of Empire,"By: J.N. Chaney, Rick Partlow",Release date: 03-21-24
Kissing a Killer,By: Jack Gatland,Release date: 03-21-24
The Brazen One,By: Daisy Jane,Release date: 03-21-24
Verraten,By: Jussi Adler-Olsen,Release date: 03-21-24
Casteless,By: Peppersquash,Release date: 03-21-24
Neverwhere (Spanish Edition),"By: Neil Gaiman, Mónica Faerna García-Bermejo - translator",Release date: 03-21-24
La luz del norte [The North Light],"By: Hideo Yokoyama, Marina Bornas Montaña - translator",Release date: 03-21-24
El círculo de mujeres de la doctora Tan [Lady Tan’s Circle of Women],"By: Lisa See, Patricia Antón de Vez - translator",Release date: 03-21-24
The Bunker at Broken Ridge,By: Colton Lively,Release date: 03-21-24
Smart Money,By: Alex Duff,Release date: 03-21-24
Tiempos de swing [Swing Time],"By: Zadie Smith, Eugenia Vázquez Nacarino - translator",Release date: 03-21-24
"Adiós, muñeca [Farewell, My Lovely]","By: Raymond Chandler, César Aira - translator, Juan Manuel Ibeas Delgado - translator",Release date: 03-21-24
Los años [The Years],By: Annie Ernaux,Release date: 03-21-24
In Her Place,By: Edel Coffey,Release date: 03-21-24
I Am Not Sidney Poitier,By: Percival Everett,Release date: 03-21-24
The Translator,By: Harriet Crawley,Release date: 03-21-24
Hurlements,By: Alexis Laipsker,Release date: 03-21-24
Battle for the Bird,By: Kurt Wagner,Release date: 03-21-24
Forcez votre destin,By: Anthony Bourbon,Release date: 03-21-24
1722,By: Amy Cross,Release date: 03-21-24
Wandering Stars,By: Tommy Orange,Release date: 03-21-24
Floating Hotel,By: Grace Curtis,Release date: 03-21-24
The Half Bird,By: Susan Smillie,Release date: 03-21-24
The Guessing Game: The Complete Series 1 and 2,By: Clive Anderson,Release date: 03-21-24
Memory Piece,By: Lisa Ko,Release date: 03-21-24
El arte de la guerra [The Art of War],"By: Sun Tzu, David Sevillano López - translator",Release date: 03-21-24
Our Accidental Universe,By: Chris Lintott,Release date: 03-21-24
I Heard Her Call My Name,By: Lucy Sante,Release date: 03-21-24
Medea,By: Rosie Hewlett,Release date: 03-21-24
The Kellerby Code,By: Jonny Sweet,Release date: 03-21-24
A World on the Wing,By: Scott Weidensaul,Release date: 03-21-24
The Mind-Body Method,By: Dr Anders Hansen,Release date: 03-21-24
A Year of Last Things,By: Michael Ondaatje,Release date: 03-21-24
Unlocked,By: Pete Etchells,Release date: 03-21-24
Unlearning Silence,By: Elaine Lin Hering,Release date: 03-21-24
Code Dependent,By: Madhumita Murgia,Release date: 03-21-24
The Girl from Moscow,By: Julia Levitina,Release date: 03-21-24
Song of the Huntress,By: Lucy Holland,Release date: 03-21-24
The Secret Library,By: Oliver Tearle,Release date: 03-21-24
"Whisper of Iron Omnibus, Books 1-3",By: Matt Pivots,Release date: 03-20-24
Tooth and Nail,By: Patricia Logan,Release date: 03-20-24
Magus of the North,By: Cale Plamann,Release date: 03-20-24
Deadman Deliverance,By: C.B. Titus,Release date: 03-20-24
Leveling Up The World,By: L. Eclaire,Release date: 03-20-24
"The Warlock Omnibus, Books 1-3",By: Dante King,Release date: 03-20-24
The Legend of Dave the Villager Books 26-30,By: Dave Villager,Release date: 03-20-24
Global DifFusion,By: Jonathan Brooks,Release date: 03-20-24
The Art of War,By: Sun Tzu,Release date: 03-20-24
Viceroy's Pride Omnibus: Books 1-3,By: Cale Plamann,Release date: 03-20-24
Learn Medical Spanish in 30 Days,By: Emily Mongomery,Release date: 03-20-24
Bulb,By: Nicholas Turner,Release date: 03-20-24
La inquilina silenciosa,"By: Clémence Michallon, Julio Hermoso Oliveras - traductor",Release date: 03-20-24
Dreams,By: Serena J. Bishop,Release date: 03-20-24
Woke - Psychologie eines Kulturkampfs,By: Esther Bockwyt,Release date: 03-20-24
Home Grown Talent,"By: Joanna Chambers, Sally Malcolm",Release date: 03-20-24
Evelyn Wood Memory Dynamics,By: Evelyn Wood,Release date: 03-20-24
Vive Bajo TUS Propias Reglas [Live by Your Own Rules],By: Edy Bravo,Release date: 03-20-24
Digitaler Macher Oder Insolventer Schwacher [Digital Maker or Insolvent Weak Person],By: Daniel Schmelzer,Release date: 03-20-24
Vladimir Lenin Collection,By: Vladimir Lenin,Release date: 03-20-24
El poder de la disciplina [The Power of Discipline],By: Daniel J. Martin,Release date: 03-20-24
Sworn to a Demigod,By: Athena Rose,Release date: 03-20-24
Das andere Tal,"By: Scott Alexander Howard, Anke Caroline Burger - Übersetzer",Release date: 03-20-24
Allmen und Herr Weynfeldt,By: Martin Suter,Release date: 03-20-24
The Mermaid,"By: Anki Edvinsson, Paul Norlen - translator",Release date: 03-20-24
Objectif Boss,By: Vi Keeland,Release date: 03-20-24
In the Shadow of Victory,By: J.E. Leak,Release date: 03-19-24
The Exodus Gambit,By: Glynn Stewart,Release date: 03-19-24
"Mushoku Tensei: Jobless Reincarnation, Vol. 12",By: Rifujin na Magonote,Release date: 03-19-24
"Reborn as a Space Mercenary: I Woke Up Piloting the Strongest Starship!, Vol. 8",By: Ryuto,Release date: 03-19-24
Hell Fae Commander,"By: Lexi C. Foss, J.R. Thorn",Release date: 03-19-24
The Lord of Spilled Blood: The Splintered Five Saga,By: WillPowah,Release date: 03-19-24
No Man's Land,By: Elliott Kay,Release date: 03-19-24
Dragonfired,By: J. Zachary Pike,Release date: 03-19-24
"Live, Love, Spy",By: Lexi Blake,Release date: 03-19-24
Fate of a Royal,"By: Meagan Brandy, Amo Jones",Release date: 03-19-24
The Perfect Match,By: Kristan Higgins,Release date: 03-19-24
Expiration Dates,By: Rebecca Serle,Release date: 03-19-24
"The World's Fastest Level Up, Vol. 2",By: Nagato Yamata,Release date: 03-19-24
Own Me,By: K. A. Tucker,Release date: 03-19-24
"Classroom of the Elite, Vol. 10",By: Syougo Kinugasa,Release date: 03-19-24
The Firelighters,By: Christopher G. Nuttall,Release date: 03-19-24
The Last Adventure,"By: Maxime J. Durand, Void Herald",Release date: 03-19-24
Life,By: Pope Francis,Release date: 03-19-24
Three Swedish Mountain Men,By: Lily Gold,Release date: 03-19-24
The Lies We Steal,By: Monty Jay,Release date: 03-19-24
Fate of a Faux,"By: Meagan Brandy, Amo Jones",Release date: 03-19-24
Demonic Devourer: Book 2,By: Aaron Shih,Release date: 03-19-24
The Secret of the Lady's Maid,By: Darcie Wilde,Release date: 03-19-24
Ghost Town Living,By: Brent Underwood,Release date: 03-19-24
Everywhere You Look,By: Liv Constantine,Release date: 03-19-24
The Exvangelicals,By: Sarah McCammon,Release date: 03-19-24
What They Don't Teach You at Harvard Business School,By: Mark H. McCormack,Release date: 03-19-24
A (Non) Comprehensive Guide to Sea Serpents,By: AJ Sherwood,Release date: 03-19-24
Magnetic Femininity,By: Allie Duzett,Release date: 03-19-24
Path of Time Deviant Book 2,"By: A.P. Gore, Patricia Jones",Release date: 03-19-24
One Way Back,By: Christine Blasey Ford,Release date: 03-19-24
The Ghost Writer,By: Loreth Anne White,Release date: 03-19-24
My Daughter Left the Nest and Returned an S-Rank Adventurer: Volume 10,"By: Mojikakiya, Roy Nukia - Translated by",Release date: 03-19-24
"Kill for Me, Kill for You",By: Steve Cavanagh,Release date: 03-19-24
"I'm in Love with the Villainess, Vol. 5",By: Inori,Release date: 03-19-24
A Noble Scheme,By: Roseanna M. White,Release date: 03-19-24
His Chosen Mate,By: Julie Trettel,Release date: 03-19-24
Marriage Lynx,By: Fiona Quinn,Release date: 03-19-24
How Great Is Our God,"By: Chris Tomlin, J.D. Walt - contributor, Max Lucado - foreword",Release date: 03-19-24
The Black Box,By: Henry Louis Gates Jr.,Release date: 03-19-24
Love UnExpected,By: Love Belvin,Release date: 03-19-24
Incubus 5,By: Brandon Varnell,Release date: 03-19-24
The Bad Friend,By: Caroline Kepnes,Release date: 03-19-24
Strange Religion,By: Nijay K. Gupta,Release date: 03-19-24
Radical Humility,By: Urs Koenig,Release date: 03-19-24
Reign,By: Cassandra Robbins,Release date: 03-19-24
Illiberal America,By: Steven Hahn,Release date: 03-19-24
Applied Polyvagal Theory in Yoga,"By: Arielle Schwartz, Amy Weintraub - Foreword by",Release date: 03-19-24
The World's Fastest Level Up Vol. 3,By: Nagato Yamata,Release date: 03-19-24
A Message for Starseeds and Lightworkers,By: Amy Sikarskie,Release date: 03-19-24
Magnolia Parks: Into the Dark,By: Jessa Hastings,Release date: 03-19-24
Promise Kept,By: K’wan,Release date: 03-19-24
Dungeon Bound 4,By: Bastian Knight,Release date: 03-19-24
My Story Your Glory,"By: Matthew West, Matt Litton - contributor",Release date: 03-19-24
You Are the Way,"By: Elmer O. Locker Jr., Fabio Mantegna",Release date: 03-19-24
Rip Tide,By: Lisa T Bergren,Release date: 03-19-24
The Baofeng Radio Revolution,By: Morse Code Publishing,Release date: 03-19-24
Bountiful Magic,By: Iris Beaglehole,Release date: 03-19-24
Love Letters from a Gangsta,By: Shvonne Latrice,Release date: 03-19-24
Unlearning Silence,By: Elaine Lin Hering,Release date: 03-19-24
American Sycamore,By: Charles Kenney,Release date: 03-19-24
Enemy Below,By: Devon C. Ford,Release date: 03-19-24
The Princess of Las Vegas,By: Chris Bohjalian,Release date: 03-19-24
Matt Sprouts and the Curse of the Ten Broken Toes,By: Matthew Eicheldinger,Release date: 03-19-24
The Promise,By: Mandy Morris,Release date: 03-19-24
Never Tell,"By: Liv Constantine, Loreth Anne White, Andrea Bartz, Rachel Howzell Hall, Ivy Pochoda, Caroline Kepnes",Release date: 03-19-24
Necromancy in New Orleans,"By: Auburn Tempest, Michael Anderle",Release date: 03-19-24
This Book Is Cheaper than Therapy,By: Liz Kelly LICSW,Release date: 03-19-24
The Mechanics of Lust,By: Jay Hogan,Release date: 03-19-24
Why We Die,By: Venki Ramakrishnan,Release date: 03-19-24
Sea Glass Summer,By: Rachel Hanna,Release date: 03-19-24
Scorpions,By: Rachel Howzell Hall,Release date: 03-19-24
Waiting on You,By: Kristan Higgins,Release date: 03-19-24
World Breakers,"By: Tony Daniel - Editor, Christopher Ruocchio - Editor",Release date: 03-19-24
Two for Tea,By: C.M. Nascosta,Release date: 03-19-24
Sentenced to Prism,By: Alan Dean Foster,Release date: 03-19-24
Self-Care for Autistic People,By: Dr. Megan Anna Neff,Release date: 03-19-24
Truth and Lies,By: James Hunt,Release date: 03-19-24
A Minute More,By: Cora Rose,Release date: 03-19-24
Queen of Roses,By: Briar Boleyn,Release date: 03-19-24
Primal's Wrath,By: HDA Roberts,Release date: 03-19-24
The Wolf Is at the Door,By: Ben Angel,Release date: 03-19-24
"Anubis, Gods of the Duat",By: Alessa Thorn,Release date: 03-19-24
The Blues Brothers,By: Daniel De Visé,Release date: 03-19-24
House of Bane and Blood,By: Alexis Menard,Release date: 03-19-24
Happier than We Deserve,By: Melissa Halcomb,Release date: 03-19-24
Stepmama Season,By: Natisha Raynor,Release date: 03-19-24
Who's Afraid of Gender?,By: Judith Butler,Release date: 03-19-24
Ice Cold Boss,By: Olivia Hayle,Release date: 03-19-24
The Divorcées,By: Rowan Beaird,Release date: 03-19-24
Family Unfriendly,By: Timothy P. Carney,Release date: 03-19-24
"Spiritually, We",By: Sah D'Simone,Release date: 03-19-24
From Broken Boy to Mended Man,By: Patrick Morley,Release date: 03-19-24
The Golden Ratio,By: Cole McCade,Release date: 03-19-24
My Name Is Legion,By: Roger Zelazny,Release date: 03-19-24
Get It Together,By: Jesse Watters,Release date: 03-19-24
The D Word,By: Kate Anthony,Release date: 03-19-24
Hathor and the Prince,By: J.J. McAvoy,Release date: 03-19-24
Floating Hotel,By: Grace Curtis,Release date: 03-19-24
The End of the Alphabet,"By: Isabel Brown, Dave Rubin - foreword",Release date: 03-19-24
Needful Noor: Part One,By: Takerra Allen,Release date: 03-19-24
A Midnight Puzzle,By: Gigi Pandian,Release date: 03-19-24
Murder in Moscow,By: Kelly Oliver,Release date: 03-19-24
Where Sleeping Girls Lie,By: Faridah Àbíké-Íyímídé,Release date: 03-19-24
Ruthless Moon,By: Jen L. Grey,Release date: 03-19-24
The Royal Duke,By: Boyd Lee,Release date: 03-19-24
The Tree Doctor,By: Marie Mutsuki Mockett,Release date: 03-19-24
Terrifying Realm of the Possible,By: Brett Gelman,Release date: 03-19-24
The Best Way to Bury Your Husband,By: Alexia Casale,Release date: 03-19-24
James,By: Percival Everett,Release date: 03-19-24
Say My Name,By: Jenika Snow,Release date: 03-19-24
Fallen Angel,By: Sadie Kincaid,Release date: 03-19-24
Paper Soldiers,By: Saleha Mohsin,Release date: 03-19-24
Finding Margaret Fuller,By: Allison Pataki,Release date: 03-19-24
The Mystery Writer,By: Sulari Gentill,Release date: 03-19-24
The Omega Lesson,By: Roxy Collins,Release date: 03-19-24
Has Anyone Seen Charlotte Salter?,By: Nicci French,Release date: 03-19-24
The Shuddering City,By: Sharon Shinn,Release date: 03-19-24
Lilith,By: Eric Rickstad,Release date: 03-19-24
The Witch of New York,By: Alex Hortis,Release date: 03-19-24
Double Cross Dead,By: Lynn Morrison,Release date: 03-19-24
A Poetry Handbook,By: Mary Oliver,Release date: 03-19-24
Full Metal Panic! Volume 4,By: Shouji Gatou,Release date: 03-19-24
A Staten Island Love Story 3,By: Jahquel J.,Release date: 03-19-24
Valhalla Is Full of Hunks: A Monstrously Mythic Tale,By: C. Rochelle,Release date: 03-19-24
Cascade Failure,By: L. M. Sagas,Release date: 03-19-24
To the Linksland (30th Anniversary Edition),By: Michael Bamberger,Release date: 03-19-24
The Love Remedy,By: Elizabeth Everett,Release date: 03-19-24
The Nocebo Effect,"By: Michael H. Bernstein Ph.D., Charlotte Blease Ph.D.",Release date: 03-19-24
Not What I Signed Up For,By: Nicole Unice,Release date: 03-19-24
Annie Bot,By: Sierra Greer,Release date: 03-19-24
Lost Legio IX,By: Marc Alan Edelheit,Release date: 03-19-24
Just for the Summer,By: Melody Carlson,Release date: 03-19-24
Good Half Gone,By: Tarryn Fisher,Release date: 03-19-24
Solo,By: Peter McGraw,Release date: 03-19-24
You Needed Me 3,By: Shvonne Latrice,Release date: 03-19-24
Soldiers and Kings,By: Jason De León,Release date: 03-19-24
Louder than Hunger,By: John Schu,Release date: 03-19-24
Miracles at Promise Lodge,By: Charlotte Hubbard,Release date: 03-19-24
High Treason,By: DiAnn Mills,Release date: 03-19-24
Stay Wild,By: Kaylee Ryan,Release date: 03-19-24
Desperate Deadly Widows,"By: Kimberly Belle, Layne Fargo, Cate Holahan, Vanessa Lillie",Release date: 03-19-24
Truckload of Art,By: Brendan Greaves,Release date: 03-19-24
Candy Darling,By: Cynthia Carr,Release date: 03-19-24
The Asheville Christmas Wedding,"By: Hope Holloway, Cecelia Scott",Release date: 03-19-24
The Morningside,By: Téa Obreht,Release date: 03-19-24
The Green Woods,By: Cassio Ferreira,Release date: 03-19-24
Deep in My Soul,By: Kimberly Brown,Release date: 03-19-24
Love Song,By: Christina Lee,Release date: 03-19-24
The Asteroid Hunter,By: Dante Lauretta,Release date: 03-19-24
Where Rivers Part,By: Kao Kalia Yang,Release date: 03-19-24
The Iron King,By: Julie Kagawa,Release date: 03-19-24
The Day Tripper,By: James Goodhand,Release date: 03-19-24
The Family Business,By: Mike Kupari,Release date: 03-19-24
Be My Endgame,By: Zarah Detand,Release date: 03-19-24
Memory Piece,By: Lisa Ko,Release date: 03-19-24
The Lost Book of Bonn,By: Brianna Labuskes,Release date: 03-19-24
The Other Side of the Road,By: Andrea Bartz,Release date: 03-19-24
Broken,By: Jessica Pryce,Release date: 03-19-24
Fervor,By: Toby Lloyd,Release date: 03-19-24
How to Make Herself Agreeable to Everyone,By: Cameron Russell,Release date: 03-19-24
Timeboxing,By: Marc Zao-Sanders,Release date: 03-19-24
Nearly All the Men in Lagos Are Mad,By: Damilare Kuku,Release date: 03-19-24
How We Named the Stars,By: Andrés N. Ordorica,Release date: 03-19-24
The Game,By: Beth Bolden,Release date: 03-19-24
Forgotten Sisters,By: Cynthia Pelayo,Release date: 03-19-24
No Judgment,By: Lauren Oyler,Release date: 03-19-24
My Right Hand to Goodness,By: Lynn Cook Betz,Release date: 03-19-24
Run It Like a Business,By: Aubrey Bergauer,Release date: 03-19-24
The Memory Bank,"By: Brian Shea, Raquel Byrnes",Release date: 03-19-24
Fighting for Hailey,By: Katie Reus,Release date: 03-19-24
Force,By: Kiki Burrelli,Release date: 03-19-24
U.S. Naval Power in the 21st Century,"By: Brent Droste Sadler, J. William Middendorf II - Foreword by",Release date: 03-19-24
The Right Kind of White,By: Garrett Bucks,Release date: 03-19-24
The Murder Club,By: Alexandra Ivy,Release date: 03-19-24
Wolf at the Table,By: Adam Rapp,Release date: 03-19-24
In a Not So Perfect World,By: Neely Tubati Alexander,Release date: 03-19-24
Song of the Huntress,By: Lucy Holland,Release date: 03-19-24
The War of the Givens,By: Daniel Price,Release date: 03-19-24
Healing What You Can't Erase,"By: Christopher Cook, Dr. John Delony - foreword",Release date: 03-19-24
Christmas and Other Horrors,By: Ellen Datlow - editor,Release date: 03-19-24
The Weavers of Alamaxa,By: Hadeer Elsbai,Release date: 03-19-24
Whatever Happens,By: Robert J. Morgan,Release date: 03-19-24
La canción del líder,By: Seth Godin,Release date: 03-19-24
En nuestro tiempo [In Our Time],By: Ernest Hemingway,Release date: 03-19-24
Darkness,By: Kate Sherwood,Release date: 03-19-24
Jaded,By: Ela Lee,Release date: 03-19-24
Sweet Spot,By: Jessica Prince,Release date: 03-19-24
Delay of Game,By: Ari Baran,Release date: 03-19-24
Confessions of a Private Eye,By: Scott Fulmer,Release date: 03-19-24
The Blue Castle,By: L. M. Montgomery,Release date: 03-19-24
The Last Bloodcarver,By: Vanessa Le,Release date: 03-19-24
The Matter of Little Losses,"By: Rachel Marie Kang, K. J. Ramsey - foreword",Release date: 03-19-24
The Exciting Diary of an Accidentally OP Former NPC Catgirl!,By: Sadie McKenzie,Release date: 03-19-24
La Llave Maestra de la Riqueza [The Master Key to Wealth],By: Napoleón Hill,Release date: 03-19-24
Under This Red Rock,By: Mindy McGinnis,Release date: 03-19-24
A Year of Last Things,By: Michael Ondaatje,Release date: 03-19-24
Sustaining the Carrier War,By: Stan Fisher,Release date: 03-19-24
The Dog in the Alley,By: KM Avery,Release date: 03-19-24
John James Audubon,By: Richard Rhodes,Release date: 03-19-24
Rainbow Black,By: Maggie Thrash,Release date: 03-19-24
Tod in Bedford Haven [Death at Bedford Haven],By: Christian Huyeng,Release date: 03-19-24
Axtsturm [Axstorm],By: Troy Osgood,Release date: 03-19-24
Angriff der Schattengarde,By: Susan Schwartz,Release date: 03-19-24
Raising a Socially Successful Child,By: Dr. Stephen Nowicki,Release date: 03-19-24
Glimpses,By: Matt Williams,Release date: 03-19-24
The Scottish Nation,By: T.M. Devine,Release date: 03-19-24
Goddess Energy,By: Gabriela Herstik,Release date: 03-19-24
Quick Fixes,By: Benjamin Y. Fong,Release date: 03-19-24
Our Man in Panama,By: John Dinges,Release date: 03-19-24
The Knight of Fulton Court,By: Emmet Moss,Release date: 03-19-24
Rules for Rule Breaking,By: Talia Tucker,Release date: 03-19-24
Brunetti entre les lignes,By: Donna Leon,Release date: 03-19-24
Praxis Tacticum,By: Colonel Charles S. Oliviero,Release date: 03-19-24
Hand for a Hand,By: T.F. Muir,Release date: 03-19-24
Kingdom of Play,By: David Toomey,Release date: 03-19-24
Emperor's Fate,By: AJ Walker,Release date: 03-19-24
The Truth About Pricing,By: Melina Palmer,Release date: 03-19-24
Help for High-Conflict Couples,"By: Jennine Estes Powell LMFT, Jacqueline Wielick LMFT",Release date: 03-19-24
Montana Cowboy Bride,By: Jane Porter,Release date: 03-19-24
Power Vacuum,By: Gerald M. Kilby,Release date: 03-19-24
The Rockpool Murder,By: Emylia Hall,Release date: 03-19-24
Difficult Men,By: Brett Martin,Release date: 03-19-24
Conversational German Dialogues,By: Stephan Luis Becker,Release date: 03-19-24
Murder in Manchuria,By: Scott D. Seligman,Release date: 03-19-24
Guild War,By: S.A. Klopfenstein,Release date: 03-19-24
Cursed by the Veil,By: Helen Scott,Release date: 03-19-24
The Winter Kissed Kings,By: Ivy Fox,Release date: 03-19-24
Amore senza limite,By: Jay Crownover,Release date: 03-19-24
Mucho después,By: Edith Wharton,Release date: 03-19-24
The Mars House,By: Natasha Pulley,Release date: 03-19-24
Dwelm [Piranha],By: Rudie van Rensburg,Release date: 03-19-24
A Girl on Wheels,By: Alicia Weston,Release date: 03-19-24
Masters of Reality 3,By: Aaron Crash,Release date: 03-19-24
Data Leadership for Everyone,By: Anthony Algmin,Release date: 03-19-24
Why We Die,By: Venki Ramakrishnan,Release date: 03-19-24
Killer Waves,By: Brendan DuBois,Release date: 03-19-24
I Am the Law,By: Michael Molcher,Release date: 03-19-24
You Only Live Twice,By: Ian Fleming,Release date: 03-19-24
Cancelled,By: Farrah Penn,Release date: 03-19-24
The Revenant Games,By: Margie Fuston,Release date: 03-19-24
Eye for an Eye,By: T.F. Muir,Release date: 03-19-24
